{
    "affinity_pred_value": 1.816511631011963,
    "affinity_probability_binary": 0.08091432601213455,
    "affinity_pred_value1": 1.568886637687683,
    "affinity_probability_binary1": 0.028030777350068092,
    "affinity_pred_value2": 2.064136505126953,
    "affinity_probability_binary2": 0.13379786908626556
}