{
    "confidence_score": 0.859551727771759,
    "ptm": 0.7999278903007507,
    "iptm": 0.9161691069602966,
    "ligand_iptm": 0.9161691069602966,
    "protein_iptm": 0.0,
    "complex_plddt": 0.845397412776947,
    "complex_iplddt": 0.4682474732398987,
    "complex_pde": 0.4788248538970947,
    "complex_ipde": 1.4157581329345703,
    "chains_ptm": {
        "0": 0.8041303157806396,
        "1": 0.9366891384124756
    },
    "pair_chains_iptm": {
        "0": {
            "0": 0.8041303157806396,
            "1": 0.37758496403694153
        },
        "1": {
            "0": 0.9161691069602966,
            "1": 0.9366891384124756
        }
    }
}