{
    "affinity_pred_value": -0.22707703709602356,
    "affinity_probability_binary": 0.21415497362613678,
    "affinity_pred_value1": -0.036317333579063416,
    "affinity_probability_binary1": 0.31288015842437744,
    "affinity_pred_value2": -0.4178367257118225,
    "affinity_probability_binary2": 0.11542978882789612
}