{
    "confidence_score": 0.8315072059631348,
    "ptm": 0.7806434631347656,
    "iptm": 0.8707445859909058,
    "ligand_iptm": 0.8707445859909058,
    "protein_iptm": 0.0,
    "complex_plddt": 0.8216978907585144,
    "complex_iplddt": 0.4782531261444092,
    "complex_pde": 0.6378474831581116,
    "complex_ipde": 2.2524256706237793,
    "chains_ptm": {
        "0": 0.7802952527999878,
        "1": 0.9092626571655273
    },
    "pair_chains_iptm": {
        "0": {
            "0": 0.7802952527999878,
            "1": 0.39885008335113525
        },
        "1": {
            "0": 0.8707445859909058,
            "1": 0.9092626571655273
        }
    }
}