{
    "affinity_pred_value": -0.694297730922699,
    "affinity_probability_binary": 0.3236527442932129,
    "affinity_pred_value1": -0.5015206933021545,
    "affinity_probability_binary1": 0.47210419178009033,
    "affinity_pred_value2": -0.8870747685432434,
    "affinity_probability_binary2": 0.17520126700401306
}