{
    "confidence_score": 0.8271564841270447,
    "ptm": 0.7824026346206665,
    "iptm": 0.9131498336791992,
    "ligand_iptm": 0.9131498336791992,
    "protein_iptm": 0.0,
    "complex_plddt": 0.8056581616401672,
    "complex_iplddt": 0.5036854147911072,
    "complex_pde": 0.5296927094459534,
    "complex_ipde": 1.3765836954116821,
    "chains_ptm": {
        "0": 0.7908523082733154,
        "1": 0.8868873119354248
    },
    "pair_chains_iptm": {
        "0": {
            "0": 0.7908523082733154,
            "1": 0.39310893416404724
        },
        "1": {
            "0": 0.9131498336791992,
            "1": 0.8868873119354248
        }
    }
}