{
    "affinity_pred_value": -0.0006386041641235352,
    "affinity_probability_binary": 0.13429641723632812,
    "affinity_pred_value1": -0.03440466523170471,
    "affinity_probability_binary1": 0.10775532573461533,
    "affinity_pred_value2": 0.03312745690345764,
    "affinity_probability_binary2": 0.16083751618862152
}