{
    "confidence_score": 0.8955687880516052,
    "ptm": 0.7991312742233276,
    "iptm": 0.9459718465805054,
    "ligand_iptm": 0.9459718465805054,
    "protein_iptm": 0.0,
    "complex_plddt": 0.882968008518219,
    "complex_iplddt": 0.8280960917472839,
    "complex_pde": 0.4915587306022644,
    "complex_ipde": 1.1733871698379517,
    "chains_ptm": {
        "0": 0.7927640080451965,
        "1": 0.9514269232749939
    },
    "pair_chains_iptm": {
        "0": {
            "0": 0.7927640080451965,
            "1": 0.4685848653316498
        },
        "1": {
            "0": 0.9459718465805054,
            "1": 0.9514269232749939
        }
    }
}