{
    "affinity_pred_value": 0.1724357306957245,
    "affinity_probability_binary": 0.5613791942596436,
    "affinity_pred_value1": 0.44940462708473206,
    "affinity_probability_binary1": 0.9813209176063538,
    "affinity_pred_value2": -0.10453316569328308,
    "affinity_probability_binary2": 0.14143744111061096
}