{
    "confidence_score": 0.8844640851020813,
    "ptm": 0.8058838248252869,
    "iptm": 0.9311367869377136,
    "ligand_iptm": 0.9311367869377136,
    "protein_iptm": 0.0,
    "complex_plddt": 0.8727959394454956,
    "complex_iplddt": 0.8201075792312622,
    "complex_pde": 0.5147783756256104,
    "complex_ipde": 1.3704124689102173,
    "chains_ptm": {
        "0": 0.8008747100830078,
        "1": 0.9336601495742798
    },
    "pair_chains_iptm": {
        "0": {
            "0": 0.8008747100830078,
            "1": 0.4813639223575592
        },
        "1": {
            "0": 0.9311367869377136,
            "1": 0.9336601495742798
        }
    }
}