{
    "affinity_pred_value": -0.2829827666282654,
    "affinity_probability_binary": 0.2663384974002838,
    "affinity_pred_value1": -1.0040068626403809,
    "affinity_probability_binary1": 0.38468509912490845,
    "affinity_pred_value2": 0.4380413293838501,
    "affinity_probability_binary2": 0.14799188077449799
}