{
    "confidence_score": 0.8697052001953125,
    "ptm": 0.8031611442565918,
    "iptm": 0.9247872233390808,
    "ligand_iptm": 0.9247872233390808,
    "protein_iptm": 0.0,
    "complex_plddt": 0.855934739112854,
    "complex_iplddt": 0.7473882436752319,
    "complex_pde": 0.5877475738525391,
    "complex_ipde": 1.9826864004135132,
    "chains_ptm": {
        "0": 0.7995099425315857,
        "1": 0.9310879111289978
    },
    "pair_chains_iptm": {
        "0": {
            "0": 0.7995099425315857,
            "1": 0.49754980206489563
        },
        "1": {
            "0": 0.9247872233390808,
            "1": 0.9310879111289978
        }
    }
}