{
    "affinity_pred_value": 0.094536192715168,
    "affinity_probability_binary": 0.17937028408050537,
    "affinity_pred_value1": -0.18701325356960297,
    "affinity_probability_binary1": 0.1459038406610489,
    "affinity_pred_value2": 0.37608563899993896,
    "affinity_probability_binary2": 0.21283671259880066
}