{
    "confidence_score": 0.8397674560546875,
    "ptm": 0.7789206504821777,
    "iptm": 0.9163637161254883,
    "ligand_iptm": 0.9163637161254883,
    "protein_iptm": 0.0,
    "complex_plddt": 0.8206183314323425,
    "complex_iplddt": 0.487784743309021,
    "complex_pde": 0.501781702041626,
    "complex_ipde": 1.3074464797973633,
    "chains_ptm": {
        "0": 0.7893679738044739,
        "1": 0.9325364232063293
    },
    "pair_chains_iptm": {
        "0": {
            "0": 0.7893679738044739,
            "1": 0.3995552361011505
        },
        "1": {
            "0": 0.9163637161254883,
            "1": 0.9325364232063293
        }
    }
}