{
    "affinity_pred_value": 1.9256117343902588,
    "affinity_probability_binary": 0.19680610299110413,
    "affinity_pred_value1": 1.3077131509780884,
    "affinity_probability_binary1": 0.13107295334339142,
    "affinity_pred_value2": 2.5435101985931396,
    "affinity_probability_binary2": 0.262539267539978
}