{
    "confidence_score": 0.8703190684318542,
    "ptm": 0.8495000600814819,
    "iptm": 0.9093624949455261,
    "ligand_iptm": 0.9093624949455261,
    "protein_iptm": 0.0,
    "complex_plddt": 0.8605582118034363,
    "complex_iplddt": 0.6653344035148621,
    "complex_pde": 0.44013896584510803,
    "complex_ipde": 1.8597815036773682,
    "chains_ptm": {
        "0": 0.8461639285087585,
        "1": 0.9267504811286926
    },
    "pair_chains_iptm": {
        "0": {
            "0": 0.8461639285087585,
            "1": 0.36865508556365967
        },
        "1": {
            "0": 0.9093624949455261,
            "1": 0.9267504811286926
        }
    }
}