{
    "affinity_pred_value": -0.18859665095806122,
    "affinity_probability_binary": 0.19044379889965057,
    "affinity_pred_value1": -0.45869022607803345,
    "affinity_probability_binary1": 0.10073579102754593,
    "affinity_pred_value2": 0.08149692416191101,
    "affinity_probability_binary2": 0.2801518142223358
}