{
    "confidence_score": 0.8436808586120605,
    "ptm": 0.7567247152328491,
    "iptm": 0.8780031800270081,
    "ligand_iptm": 0.8780031800270081,
    "protein_iptm": 0.0,
    "complex_plddt": 0.8351002335548401,
    "complex_iplddt": 0.5601754188537598,
    "complex_pde": 0.6098466515541077,
    "complex_ipde": 2.0328245162963867,
    "chains_ptm": {
        "0": 0.7680609226226807,
        "1": 0.923943817615509
    },
    "pair_chains_iptm": {
        "0": {
            "0": 0.7680609226226807,
            "1": 0.32496410608291626
        },
        "1": {
            "0": 0.8780031800270081,
            "1": 0.923943817615509
        }
    }
}