{
    "affinity_pred_value": 0.4601573050022125,
    "affinity_probability_binary": 0.34081336855888367,
    "affinity_pred_value1": -0.23059076070785522,
    "affinity_probability_binary1": 0.430221289396286,
    "affinity_pred_value2": 1.1509053707122803,
    "affinity_probability_binary2": 0.2514054477214813
}