{
    "confidence_score": 0.8972393870353699,
    "ptm": 0.80058753490448,
    "iptm": 0.962591826915741,
    "ligand_iptm": 0.962591826915741,
    "protein_iptm": 0.0,
    "complex_plddt": 0.8809012770652771,
    "complex_iplddt": 0.8035587072372437,
    "complex_pde": 0.4499407708644867,
    "complex_ipde": 0.9036486148834229,
    "chains_ptm": {
        "0": 0.8059785962104797,
        "1": 0.9600784778594971
    },
    "pair_chains_iptm": {
        "0": {
            "0": 0.8059785962104797,
            "1": 0.4822361171245575
        },
        "1": {
            "0": 0.962591826915741,
            "1": 0.9600784778594971
        }
    }
}