{
    "affinity_pred_value": 0.7795520424842834,
    "affinity_probability_binary": 0.24357262253761292,
    "affinity_pred_value1": 0.39622998237609863,
    "affinity_probability_binary1": 0.198915496468544,
    "affinity_pred_value2": 1.1628741025924683,
    "affinity_probability_binary2": 0.28822973370552063
}