{
    "confidence_score": 0.8524826169013977,
    "ptm": 0.7792927622795105,
    "iptm": 0.9272892475128174,
    "ligand_iptm": 0.9272892475128174,
    "protein_iptm": 0.0,
    "complex_plddt": 0.8337808847427368,
    "complex_iplddt": 0.5751891732215881,
    "complex_pde": 0.4786800742149353,
    "complex_ipde": 1.1517517566680908,
    "chains_ptm": {
        "0": 0.7881178259849548,
        "1": 0.9569986462593079
    },
    "pair_chains_iptm": {
        "0": {
            "0": 0.7881178259849548,
            "1": 0.42032676935195923
        },
        "1": {
            "0": 0.9272892475128174,
            "1": 0.9569986462593079
        }
    }
}