{
    "affinity_pred_value": 0.2817032039165497,
    "affinity_probability_binary": 0.23315241932868958,
    "affinity_pred_value1": -0.20355789363384247,
    "affinity_probability_binary1": 0.20504285395145416,
    "affinity_pred_value2": 0.766964316368103,
    "affinity_probability_binary2": 0.2612619996070862
}