{
    "confidence_score": 0.828522801399231,
    "ptm": 0.7684425115585327,
    "iptm": 0.9040676951408386,
    "ligand_iptm": 0.9040676951408386,
    "protein_iptm": 0.0,
    "complex_plddt": 0.8096365332603455,
    "complex_iplddt": 0.4453854262828827,
    "complex_pde": 0.5885171890258789,
    "complex_ipde": 1.867209553718567,
    "chains_ptm": {
        "0": 0.7784185409545898,
        "1": 0.9475352764129639
    },
    "pair_chains_iptm": {
        "0": {
            "0": 0.7784185409545898,
            "1": 0.38847777247428894
        },
        "1": {
            "0": 0.9040676951408386,
            "1": 0.9475352764129639
        }
    }
}