{
    "affinity_pred_value": 0.48532167077064514,
    "affinity_probability_binary": 0.18414990603923798,
    "affinity_pred_value1": 0.4061638116836548,
    "affinity_probability_binary1": 0.20820152759552002,
    "affinity_pred_value2": 0.5644795298576355,
    "affinity_probability_binary2": 0.16009828448295593
}