{
    "confidence_score": 0.8181045651435852,
    "ptm": 0.7337529063224792,
    "iptm": 0.8353249430656433,
    "ligand_iptm": 0.8353249430656433,
    "protein_iptm": 0.0,
    "complex_plddt": 0.8137994408607483,
    "complex_iplddt": 0.42405492067337036,
    "complex_pde": 0.5726706385612488,
    "complex_ipde": 1.8004660606384277,
    "chains_ptm": {
        "0": 0.7521186470985413,
        "1": 0.9262638092041016
    },
    "pair_chains_iptm": {
        "0": {
            "0": 0.7521186470985413,
            "1": 0.30465731024742126
        },
        "1": {
            "0": 0.8353249430656433,
            "1": 0.9262638092041016
        }
    }
}