{
    "affinity_pred_value": 1.6590659618377686,
    "affinity_probability_binary": 0.11075586825609207,
    "affinity_pred_value1": 1.5251939296722412,
    "affinity_probability_binary1": 0.051471177488565445,
    "affinity_pred_value2": 1.7929381132125854,
    "affinity_probability_binary2": 0.170040562748909
}