{
    "confidence_score": 0.8705763220787048,
    "ptm": 0.8002532720565796,
    "iptm": 0.9206210374832153,
    "ligand_iptm": 0.9206210374832153,
    "protein_iptm": 0.0,
    "complex_plddt": 0.8580650687217712,
    "complex_iplddt": 0.6222734451293945,
    "complex_pde": 0.48520827293395996,
    "complex_ipde": 1.375040054321289,
    "chains_ptm": {
        "0": 0.7978443503379822,
        "1": 0.9357969760894775
    },
    "pair_chains_iptm": {
        "0": {
            "0": 0.7978443503379822,
            "1": 0.3758462071418762
        },
        "1": {
            "0": 0.9206210374832153,
            "1": 0.9357969760894775
        }
    }
}